{"stats":{"minecraft:picked_up":{"minecraft:stone":29},"minecraft:custom":{"minecraft:jump":2,"minecraft:time_since_rest":3459,"minecraft:leave_game":1,"minecraft:crouch_one_cm":291,"minecraft:play_one_minute":3459,"minecraft:inspect_dropper":4,"minecraft:time_since_death":3459,"minecraft:walk_one_cm":6913,"minecraft:sneak_time":130,"minecraft:fly_one_cm":274},"minecraft:used":{"minecraft:redstone":5,"minecraft:glass":1,"minecraft:crimson_button":2,"minecraft:lever":3,"minecraft:stone":30,"minecraft:comparator":2,"minecraft:acacia_sign":4,"minecraft:dropper":2}},"DataVersion":2580}